{
  "hash": "aa5755cb",
  "configHash": "cde1ddd3",
  "lockfileHash": "625d95f9",
  "browserHash": "32b53334",
  "optimized": {
    "@angular/common": {
      "src": "../../../../../node_modules/@angular/common/fesm2022/common.mjs",
      "file": "@angular_common.js",
      "fileHash": "363da035",
      "needsInterop": false
    },
    "@angular/common/http": {
      "src": "../../../../../node_modules/@angular/common/fesm2022/http.mjs",
      "file": "@angular_common_http.js",
      "fileHash": "a45798ef",
      "needsInterop": false
    },
    "@angular/core": {
      "src": "../../../../../node_modules/@angular/core/fesm2022/core.mjs",
      "file": "@angular_core.js",
      "fileHash": "e085def5",
      "needsInterop": false
    },
    "@angular/platform-browser": {
      "src": "../../../../../node_modules/@angular/platform-browser/fesm2022/platform-browser.mjs",
      "file": "@angular_platform-browser.js",
      "fileHash": "7cee42c2",
      "needsInterop": false
    },
    "@angular/router": {
      "src": "../../../../../node_modules/@angular/router/fesm2022/router.mjs",
      "file": "@angular_router.js",
      "fileHash": "891647ed",
      "needsInterop": false
    },
    "sweetalert2": {
      "src": "../../../../../node_modules/sweetalert2/dist/sweetalert2.all.js",
      "file": "sweetalert2.js",
      "fileHash": "0a3f8c7a",
      "needsInterop": true
    }
  },
  "chunks": {
    "chunk-647MEAEE": {
      "file": "chunk-647MEAEE.js"
    },
    "chunk-4E7IX4NL": {
      "file": "chunk-4E7IX4NL.js"
    },
    "chunk-7DMD4CQC": {
      "file": "chunk-7DMD4CQC.js"
    },
    "chunk-R4P3NOZO": {
      "file": "chunk-R4P3NOZO.js"
    },
    "chunk-WKYGNSYM": {
      "file": "chunk-WKYGNSYM.js"
    }
  }
}